flight_number,airline_code,source_airport_code,destination_airport_code,codeshare,stops,equipment,distance_km
UA0005,UA,ABQ,DEN,Y,0,CR7 DH4 CRJ E70,562.4869406389843
UA0006,UA,ABQ,IAH,,0,320 738,1195.6727490526955
UA0007,UA,ABQ,LAX,Y,0,CRJ,1087.578466128454
UA0008,UA,ABQ,ORD,Y,0,CR7 E70,1795.9233072145933
UA0009,UA,ABQ,SFO,Y,0,CRJ,1439.3133270396975
UA0023,UA,ALB,CLE,Y,0,DH3,680.3442270454065
UA0024,UA,ALB,EWR,Y,0,DH4 ERJ DH2,230.97613636412436
UA0025,UA,ALB,IAD,Y,0,DH4 DH2 CR7 CRJ ERJ,522.7286321956456
UA0026,UA,ALB,ORD,,0,319 73G 738 739,1160.512875020777
UA0035,UA,ANC,DEN,,0,738,3863.129816959807
UA0036,UA,ANC,ORD,,0,738,4568.179156888665
UA0037,UA,ANC,SEA,,0,739 738,2325.752433399854
UA0045,UA,ATL,CLE,Y,0,ERJ,893.8160701204932
UA0046,UA,ATL,DEN,Y,0,CR7,1926.6364333901013
UA0047,UA,ATL,EWR,Y,0,ERJ,1198.9828342501
UA0049,UA,ATL,IAD,Y,0,ERJ CRJ E70,859.0311580773126
UA0050,UA,ATL,IAH,Y,0,ERJ CR7 CRJ E70,1107.5625525131195
UA0051,UA,ATL,LGA,,0,738,1224.8675522038163
UA0052,UA,ATL,ORD,Y,0,CR7 ERJ E70,976.3278291656198
UA0053,UA,ATL,SFO,,0,738,3434.6956769682733
UA0060,UA,AUS,CLE,Y,0,CR7,1888.6929648389525
UA0062,UA,AUS,DEN,,0,320 738 739,1248.7717662505524
UA0063,UA,AUS,EWR,,0,738 73G,2415.825906874884
UA0064,UA,AUS,IAD,Y,0,CR7 E70,2083.544804452949
UA0065,UA,AUS,IAH,,0,320 319 73G 738 739,224.51485931247524
UA0066,UA,AUS,LAX,Y,0,CR7,1994.9693050806532
UA0067,UA,AUS,ORD,,0,739 320 752,1573.8842146593047
UA0068,UA,AUS,SFO,,0,738 319 320 739,2416.5450836253376
UA0076,UA,BDL,IAD,,0,738 319 320,522.9527475229282
UA0077,UA,BDL,ORD,,0,738 73G 319,1256.5899052413283
UA0088,UA,BHM,DEN,Y,0,ERJ,1740.255090487731
UA0089,UA,BHM,IAH,Y,0,ERJ CRJ,903.8843152000214
UA0090,UA,BHM,ORD,Y,0,ERJ CRJ,941.240076242445
UA0103,UA,BNA,CLE,Y,0,ERJ,721.4329992636121
UA0104,UA,BNA,DEN,Y,0,ERJ,1627.6219138906
UA0105,UA,BNA,EWR,Y,0,ERJ,1200.740605389905
UA0106,UA,BNA,IAD,Y,0,ERJ CRJ,871.0403534980763
UA0107,UA,BNA,IAH,Y,0,ERJ,1056.5248532561302
UA0108,UA,BNA,ORD,Y,0,ERJ CRJ,659.4850977173753
UA0114,UA,BOI,DEN,,0,320 319 738 739,1042.2257326166248
UA0115,UA,BOI,LAX,Y,0,CR7,1086.4389890319922
UA0116,UA,BOI,ORD,Y,0,CR7,2306.969040121241
UA0117,UA,BOI,SFO,Y,0,CRJ CR7,840.158818309456
UA0121,UA,BOS,CLE,,0,738,903.0703307496769
UA0122,UA,BOS,DEN,,0,739 320 738,2815.6554962526347
UA0124,UA,BOS,EWR,,0,73G 738 319 320 739 753 752,322.306684550895
UA0126,UA,BOS,IAD,,0,320 319 739 738 752 73G,663.2230421411614
UA0127,UA,BOS,IAH,,0,739 738 320 73G 319,2567.336393732915
UA0128,UA,BOS,LAX,,0,752,4192.822347674352
UA0130,UA,BOS,ORD,,0,739 752 738 73G 319 320 753,1390.8751257562583
UA0132,UA,BOS,SFO,,0,752 753 739 738 73G,4341.022084519025
UA0164,UA,BUF,CLE,,0,DH3,308.0220153706699
UA0165,UA,BUF,EWR,Y,0,DH3 DH4 ERJ DH2,453.2934494699704
UA0166,UA,BUF,IAD,Y,0,DH4 CR7 DH2 ERJ CRJ,457.0685041555564
UA0167,UA,BUF,ORD,,0,739 738 320,759.6396279814746
UA0168,UA,BUR,DEN,Y,0,CRJ,1365.8123030522593
UA0169,UA,BUR,SFO,Y,0,CR7 CRJ,524.505466011444
UA0170,UA,BWI,CLE,Y,0,ERJ DH3,504.80270603334793
UA0171,UA,BWI,DEN,,0,739 320 738,2393.637021710443
UA0172,UA,BWI,EWR,Y,0,DH3 ERJ DH2,271.45228977134536
UA0173,UA,BWI,IAH,,0,320 73G 739 319 738,1985.7894383962312
UA0174,UA,BWI,LAX,,0,319 738,3739.9133237212877
UA0175,UA,BWI,ORD,,0,73G 738 320 739 319,997.9705182564419
UA0176,UA,BWI,SFO,,0,738 739 319,3944.311114550975
UA0195,UA,CHS,CLE,Y,0,ERJ,960.332934700755
UA0196,UA,CHS,EWR,Y,0,ERJ,1011.2951738239889
UA0197,UA,CHS,IAD,Y,0,CRJ,711.5183457493314
UA0198,UA,CHS,IAH,Y,0,ERJ CRJ,1486.0044862671336
UA0199,UA,CHS,ORD,Y,0,ERJ CRJ CR7,1224.4482039025177
UA0207,UA,CLE,ALB,Y,0,DH3,680.3442270454065
UA0208,UA,CLE,ATL,Y,0,ERJ,893.8160701204932
UA0209,UA,CLE,AUS,Y,0,CR7,1888.6929648389525
UA0211,UA,CLE,BNA,Y,0,ERJ,721.4329992636121
UA0212,UA,CLE,BOS,,0,73G 319,903.0703307496769
UA0213,UA,CLE,BUF,Y,0,DH3 DH2,308.0220153706699
UA0214,UA,CLE,BWI,,0,DH3,504.80270603334793
UA0215,UA,CLE,CHS,Y,0,ERJ,960.332934700755
UA0216,UA,CLE,CLT,Y,0,ERJ,693.6656431832183
UA0217,UA,CLE,CMH,Y,0,DH2 ERJ E70,180.0715283205504
UA0220,UA,CLE,DCA,Y,0,ERJ E70,498.2398201307604
UA0221,UA,CLE,DEN,,0,73G 319 320 739,1928.0299964238152
UA0222,UA,CLE,DFW,Y,0,ERJ CRJ,1641.7331052812567
UA0225,UA,CLE,EWR,,0,738 320 73G 319,648.7166783904711
UA0227,UA,CLE,FLL,,0,320 73G 738,1712.7325504210298
UA0229,UA,CLE,GRR,Y,0,ERJ CRJ,344.0218352892657
UA0231,UA,CLE,IAD,,0,DH4,463.16542537991467
UA0232,UA,CLE,IAH,,0,319 73G 320 738,1756.1167857890352
UA0233,UA,CLE,IND,Y,0,DH3 ERJ E70,419.9922344719642
UA0235,UA,CLE,LAS,,0,739 320 738,2929.263359397114
UA0236,UA,CLE,LAX,,0,738 739 320 319,3296.4265676204664
UA0237,UA,CLE,LGA,Y,0,ERJ E70,671.9551704600053
UA0238,UA,CLE,MCI,Y,0,DH4 ERJ,1113.8541611607252
UA0239,UA,CLE,MCO,,0,738 320 73G 739,1444.39900047489
UA0240,UA,CLE,MKE,Y,0,ERJ CR7,526.553847976254
UA0241,UA,CLE,MSP,Y,0,ERJ,998.836552600132
UA0242,UA,CLE,MSY,Y,0,ERJ,1477.8840162972544
UA0243,UA,CLE,ORD,,0,73G 319 738 320,506.56528238532997
UA0244,UA,CLE,PBI,Y,0,ERJ,1645.5858047957179
UA0245,UA,CLE,PHX,,0,738 320,2790.2058090224846
UA0247,UA,CLE,RIC,Y,0,ERJ ER4,582.8691115385222
UA0248,UA,CLE,ROC,Y,0,DH2 DH3,392.6162353068946
UA0249,UA,CLE,RSW,,0,319 738 320,1654.2725553451667
UA0250,UA,CLE,SDF,Y,0,ERJ,489.8700262359588
UA0251,UA,CLE,SFO,,0,739 738 319,3469.901361925572
UA0252,UA,CLE,STL,Y,0,ER4 ERJ,782.6015220862645
UA0253,UA,CLE,SYR,Y,0,DH3 DH2 ERJ,508.89195074349055
UA0254,UA,CLE,TPA,,0,73G 320,1495.3286387962467
UA0259,UA,CLT,CLE,Y,0,ERJ,693.6656431832183
UA0260,UA,CLT,EWR,Y,0,ERJ E70,849.9360484638968
UA0261,UA,CLT,IAD,Y,0,ERJ CR7,517.3710631196469
UA0262,UA,CLT,IAH,Y,0,ERJ E70,1466.896681986113
UA0263,UA,CLT,ORD,,0,320 319,964.5786715815266
UA0265,UA,CMH,CLE,Y,0,DH2 ERJ,180.0715283205504
UA0266,UA,CMH,DEN,Y,0,E70 CR7,1852.7332896271585
UA0267,UA,CMH,EWR,Y,0,DH4 ERJ E70,742.8100910514808
UA0268,UA,CMH,IAD,Y,0,E70 DH4 ERJ CR7 CRJ,481.0058380051139
UA0269,UA,CMH,IAH,Y,0,E70 ERJ CR7,1586.249748307463
UA0270,UA,CMH,ORD,,0,738 319 739,474.79723356471544
UA0276,UA,COS,DEN,Y,0,CR7 CRJ DH4 ERJ,117.24792809532018
UA0277,UA,COS,IAD,Y,0,CR7,2349.718219919624
UA0278,UA,COS,IAH,Y,0,CRJ ERJ,1302.1600284190454
UA0279,UA,COS,LAX,Y,0,CRJ CR7,1339.2200757881894
UA0280,UA,COS,ORD,Y,0,CR7 ERJ CRJ,1462.9053166457056
UA0281,UA,COS,SFO,Y,0,CRJ,1547.3213659410742
UA0297,UA,CVG,DEN,Y,0,CR7 ERJ,1716.435263470772
UA0298,UA,CVG,EWR,Y,0,ERJ,913.6575910507537
UA0299,UA,CVG,IAD,Y,0,CRJ CR7 ER4 ERJ,623.1966593244206
UA0300,UA,CVG,IAH,Y,0,ERJ CR7,1402.3183797609183
UA0301,UA,CVG,ORD,Y,0,CR7 ER4 ERJ CRJ,425.3843373990957
UA0306,UA,DAL,IAH,Y,0,ERJ,348.6881125287226
UA0313,UA,DCA,CLE,Y,0,ERJ E70,498.2398201307604
UA0314,UA,DCA,DEN,,0,738 752 320,2369.2782032475393
UA0315,UA,DCA,EWR,Y,0,DH4 ERJ E70,319.0028644772538
UA0316,UA,DCA,IAH,,0,738 319 73G 320 752,1941.6309443417174
UA0317,UA,DCA,ORD,,0,738 320 73G 319,982.6189947681237
UA0318,UA,DCA,SFO,,0,738 73G,3920.908487611164
UA0322,UA,DEN,ABQ,Y,0,DH4 E70 CRJ ERJ,562.4869406389843
UA0326,UA,DEN,ANC,,0,738,3863.129816959807
UA0328,UA,DEN,ATL,Y,0,CR7,1926.6364333901013
UA0329,UA,DEN,AUS,,0,738 739 752,1248.7717662505524
UA0331,UA,DEN,BHM,Y,0,ERJ,1740.255090487731
UA0334,UA,DEN,BNA,Y,0,ERJ,1627.6219138906
UA0335,UA,DEN,BOI,,0,319 320 738 739,1042.2257326166248
UA0336,UA,DEN,BOS,,0,739 752 738 320,2815.6554962526347
UA0337,UA,DEN,BUR,Y,0,CR7 CRJ,1365.8123030522593
UA0338,UA,DEN,BWI,,0,320 739 738,2393.637021710443
UA0341,UA,DEN,CLE,,0,320 738 319,1928.0299964238152
UA0342,UA,DEN,CMH,Y,0,ERJ CR7 E70,1852.7332896271585
UA0344,UA,DEN,COS,Y,0,ERJ DH4 CRJ CR7,117.24792809532018
UA0347,UA,DEN,CVG,Y,0,ERJ CR7,1716.435263470772
UA0350,UA,DEN,DCA,,0,738 752 320,2369.2782032475393
UA0351,UA,DEN,DFW,,0,319 739 73G,1032.0107749229687
UA0354,UA,DEN,DSM,,0,738 73G 319,946.5550797606844
UA0355,UA,DEN,DTW,Y,0,CR7 E70,1802.3826633109747
UA0357,UA,DEN,ELP,Y,0,ERJ CRJ,908.1285328746897
UA0359,UA,DEN,EWR,,0,738 752 319 739 320,2576.4055227547256
UA0361,UA,DEN,FAT,Y,0,CRJ,1354.7009967857202
UA0363,UA,DEN,FLL,,0,752 738 320,2739.010663278083
UA0368,UA,DEN,GEG,,0,738 739,1343.0004457223806
UA0370,UA,DEN,GRR,Y,0,CR7 E70,1629.2002261262824
UA0375,UA,DEN,HNL,,0,752,5408.074590760332
UA0377,UA,DEN,IAD,,0,320 752 319 739 738,2331.781558247681
UA0378,UA,DEN,IAH,,0,739 738 752 788 320 753 319 73G,1387.3971547534793
UA0381,UA,DEN,IND,Y,0,ERJ E70 CR7,1567.702068460506
UA0384,UA,DEN,KOA,,0,752,5351.372787275499
UA0386,UA,DEN,LAS,,0,738 320 739 752,1009.0505170516835
UA0387,UA,DEN,LAX,,0,739 320 319 738 753 752,1385.0014643872016
UA0389,UA,DEN,LGA,,0,752 738 320,2599.915507747324
UA0390,UA,DEN,LIH,,0,752,5486.580549459003
UA0394,UA,DEN,MCI,,0,DH4,855.3802615006564
UA0395,UA,DEN,MCO,,0,320 738 739 752,2486.333949647044
UA0396,UA,DEN,MEM,Y,0,CRJ ERJ,1401.383231639458
UA0399,UA,DEN,MIA,,0,319,2748.5279015816536
UA0400,UA,DEN,MKE,Y,0,CRJ,1438.0939305330828
UA0406,UA,DEN,MSP,,0,320,1092.4219377751367
UA0407,UA,DEN,MSY,,0,738  739,1707.5691868523097
UA0410,UA,DEN,OGG,,0,752,5308.514529294367
UA0411,UA,DEN,OKC,Y,0,DH4 ERJ CRJ,796.38417066531
UA0412,UA,DEN,OMA,,0,738 73G,758.2536121621868
UA0413,UA,DEN,ONT,Y,0,CRJ,1315.5891042793965
UA0414,UA,DEN,ORD,,0,739 752 738 319 320 73G,1426.135514067899
UA0415,UA,DEN,PDX,,0,752 319 738 739 320,1592.207236455372
UA0416,UA,DEN,PHL,,0,320 738 739 319,2500.4885216606663
UA0417,UA,DEN,PHX,,0,739 738 320,967.9067904649789
UA0420,UA,DEN,PIT,,0,320 738 73G,2071.053626874784
UA0422,UA,DEN,PSP,Y,0,CRJ CR7,1246.684115633724
UA0428,UA,DEN,RNO,,0,320,1290.8307828007198
UA0429,UA,DEN,RSW,,0,738,2584.28769767054
UA0431,UA,DEN,SAN,,0,320 738 752 739 319,1371.1696120302634
UA0432,UA,DEN,SAT,,0,319,1279.8074294675482
UA0434,UA,DEN,SDF,Y,0,ERJ,1643.8517303849333
UA0435,UA,DEN,SEA,,0,320 738 739,1645.161198559227
UA0436,UA,DEN,SFO,,0,752 738 320 739 73G 319 753,1552.657429574184
UA0440,UA,DEN,SJC,,0,319 752 738 73G,1522.261421478582
UA0442,UA,DEN,SLC,Y,0,CR7 ERJ DH4 CRJ E70,627.723881158865
UA0443,UA,DEN,SMF,,0,320 739,1459.6906139988178
UA0444,UA,DEN,SNA,,0,73G 320 738 752,1359.680859239526
UA0445,UA,DEN,STL,Y,0,CR7 E70 ERJ CRJ,1235.5731046321494
UA0446,UA,DEN,TPA,,0,739 73G 738,2422.4949305527393
UA0447,UA,DEN,TUL,Y,0,CRJ ERJ CR7,870.2327456293121
UA0448,UA,DEN,TUS,Y,0,CR7 CRJ ERJ,1028.5806160065322
UA0449,UA,DEN,TYS,Y,0,ERJ,1866.3940159166789
UA0460,UA,DFW,CLE,Y,0,ERJ,1641.7331052812567
UA0461,UA,DFW,DEN,,0,319 738 320 739,1032.0107749229687
UA0462,UA,DFW,EWR,,0,73G 319 738,2204.546461508576
UA0464,UA,DFW,IAD,,0,320 73G 738,1882.477924988515
UA0465,UA,DFW,IAH,,0,319 738 73G,361.62060029034046
UA0466,UA,DFW,LAX,Y,0,CR7,1983.174466158369
UA0467,UA,DFW,ORD,,0,319,1290.6453049606575
UA0469,UA,DFW,SFO,,0,319 739,2351.9335423603
UA0488,UA,DSM,DEN,,0,319 738 73G,946.5550797606844
UA0489,UA,DSM,EWR,Y,0,ERJ,1631.7371196850643
UA0490,UA,DSM,IAH,Y,0,ERJ,1293.1475024988056
UA0491,UA,DSM,ORD,,0,319 738 73G,479.58121907027686
UA0492,UA,DTW,DEN,Y,0,CR7 E70,1802.3826633109747
UA0493,UA,DTW,EWR,Y,0,ERJ E70,783.4729723959061
UA0495,UA,DTW,IAD,Y,0,CRJ CR7 ERJ ER4 E70,616.4022710617372
UA0496,UA,DTW,IAH,,0,320 319 73G,1730.964569761676
UA0497,UA,DTW,ORD,,0,320,376.3634716926054
UA0518,UA,ELP,DEN,Y,0,ERJ CRJ,908.1285328746897
UA0519,UA,ELP,IAH,Y,0,ERJ CRJ,1071.708569841481
UA0525,UA,EWR,ALB,Y,0,ERJ DH4 DH2,230.97613636412436
UA0529,UA,EWR,ATL,Y,0,ERJ,1198.9828342501
UA0531,UA,EWR,AUS,,0,738 319 739,2415.825906874884
UA0536,UA,EWR,BNA,Y,0,ERJ,1200.740605389905
UA0540,UA,EWR,BOS,,0,738 73G 320 319 739,322.306684550895
UA0544,UA,EWR,BUF,Y,0,DH4 ERJ DH3 DH2,453.2934494699704
UA0545,UA,EWR,BWI,Y,0,ERJ DH3 DH2,271.45228977134536
UA0548,UA,EWR,CHS,Y,0,ERJ,1011.2951738239889
UA0549,UA,EWR,CLE,,0,738 319 73G 320 739,648.7166783904711
UA0550,UA,EWR,CLT,Y,0,ERJ E70,849.9360484638968
UA0551,UA,EWR,CMH,Y,0,ERJ DH4 E70,742.8100910514808
UA0553,UA,EWR,CVG,Y,0,ERJ,913.6575910507537
UA0555,UA,EWR,DCA,,0,DH4,319.0028644772538
UA0557,UA,EWR,DEN,,0,320 752 739 738 319,2576.4055227547256
UA0558,UA,EWR,DFW,,0,319 73G 738,2204.546461508576
UA0559,UA,EWR,DSM,Y,0,ERJ,1631.7371196850643
UA0560,UA,EWR,DTW,Y,0,ERJ E70,783.4729723959061
UA0565,UA,EWR,FLL,,0,738 320 73G 319 739,1716.455357304616
UA0569,UA,EWR,GRR,Y,0,ERJ,971.4207981239665
UA0571,UA,EWR,GSO,Y,0,ERJ,715.9588506981441
UA0577,UA,EWR,HNL,,0,764,7973.584404508248
UA0578,UA,EWR,IAD,,0,DH4,341.0971399667631
UA0579,UA,EWR,IAH,,0,739 738 320 752 73G 753 319,2250.2572880587095
UA0580,UA,EWR,IND,Y,0,ERJ E70,1034.4531190952996
UA0582,UA,EWR,JAX,Y,0,ERJ,1320.7278676462458
UA0583,UA,EWR,LAS,,0,739 753 320 738 752,3575.7319285020853
UA0584,UA,EWR,LAX,,0,739 738 319 752 753,3940.876450441969
UA0592,UA,EWR,MCI,Y,0,ERJ E70,1752.7744334039974
UA0593,UA,EWR,MCO,,0,738 320 752 739 73G,1510.5042674675158
UA0594,UA,EWR,MEM,Y,0,ERJ,1519.9107544292335
UA0597,UA,EWR,MIA,,0,739 738 320 73G,1749.89490881745
UA0598,UA,EWR,MKE,Y,0,ERJ,1163.4182832385661
UA0600,UA,EWR,MSP,Y,0,E70 ERJ,1618.6754616631654
UA0601,UA,EWR,MSY,,0,319 320 738,1877.5707728518394
UA0604,UA,EWR,MYR,Y,0,DH4,885.7402847819235
UA0607,UA,EWR,OKC,Y,0,ERJ E70,2127.2180769257357
UA0608,UA,EWR,OMA,Y,0,ERJ,1819.6574759376886
UA0609,UA,EWR,ORD,,0,73G 320 738 752 319 739 763,1154.3708882830472
UA0610,UA,EWR,ORF,Y,0,DH3 DH4 DH2,457.07270276662365
UA0612,UA,EWR,PBI,,0,738 319 739 320 752,1649.9994647123565
UA0613,UA,EWR,PDX,,0,739 320,3906.5348770874343
UA0615,UA,EWR,PHX,,0,739 320 319,3424.6430120670902
UA0616,UA,EWR,PIT,Y,0,ERJ DH4 E70,512.271410554964
UA0622,UA,EWR,PVD,Y,0,DH3 DH2 ERJ,256.86450973222713
UA0625,UA,EWR,PWM,,0,DH4,457.4605745005119
UA0626,UA,EWR,RDU,Y,0,ERJ DH4 E70,669.492589691402
UA0627,UA,EWR,RIC,Y,0,ERJ,446.2647341379818
UA0628,UA,EWR,ROC,Y,0,ERJ DH2,396.12343780376983
UA0629,UA,EWR,RSW,,0,320 738 739,1721.685299391834
UA0631,UA,EWR,SAN,,0,739 738,3894.9075240947336
UA0633,UA,EWR,SAT,,0,739 73G,2522.136466716259
UA0634,UA,EWR,SAV,Y,0,ERJ,1140.2569311543255
UA0635,UA,EWR,SDF,Y,0,ERJ,1031.0878089678497
UA0637,UA,EWR,SEA,,0,739 320 319 738,3854.9462849430706
UA0638,UA,EWR,SFO,,0,739 319 738 752 73G,4118.2703404172735
UA0642,UA,EWR,SNA,,0,319 738 73G,3907.7784203223723
UA0644,UA,EWR,STL,Y,0,ERJ E70,1400.167931633924
UA0648,UA,EWR,SYR,Y,0,DH2 DH3,313.32243638523715
UA0650,UA,EWR,TPA,,0,739 73G 738 320 752,1606.8885299994913
UA0651,UA,EWR,TUL,Y,0,ERJ,1950.4641338782073
UA0653,UA,EWR,TYS,Y,0,ERJ,1013.9696016444382
UA0672,UA,FAT,DEN,Y,0,CR7 CRJ,1354.7009967857202
UA0673,UA,FAT,LAS,Y,0,EM2,415.6679162777693
UA0674,UA,FAT,LAX,Y,0,CR7 EM2,336.68791518590206
UA0675,UA,FAT,SFO,Y,0,EM2 CRJ,253.3329460096487
UA0685,UA,FLL,CLE,,0,320 73G,1712.7325504210298
UA0686,UA,FLL,DEN,,0,320 738,2739.010663278083
UA0688,UA,FLL,EWR,,0,739 320 738 73G 319,1716.455357304616
UA0693,UA,FLL,IAD,,0,752,1453.2531247297018
UA0694,UA,FLL,IAH,,0,73G 738 739 319 320,1551.5348200043024
UA0695,UA,FLL,MCO,Y,0,SF3,285.90139605879926
UA0697,UA,FLL,ORD,,0,752 739,1905.3933635953615
UA0698,UA,FLL,SFO,,0,738 752,4150.818063175899
UA0700,UA,FLL,TPA,Y,0,SF3,316.7993331534323
UA0740,UA,GEG,DEN,,0,739 738,1343.0004457223806
UA0755,UA,GRR,CLE,Y,0,ERJ CRJ ER4,344.0218352892657
UA0756,UA,GRR,DEN,Y,0,CR7 E70,1629.2002261262824
UA0757,UA,GRR,EWR,Y,0,ERJ E70,971.4207981239665
UA0758,UA,GRR,IAD,Y,0,ERJ ER4,806.3386919669929
UA0759,UA,GRR,IAH,Y,0,ERJ,1678.8988667274652
UA0760,UA,GRR,ORD,,0,319 320,219.72456453214505
UA0766,UA,GSO,EWR,Y,0,ERJ,715.9588506981441
UA0767,UA,GSO,IAD,Y,0,CRJ ERJ,384.6401904550825
UA0768,UA,GSO,ORD,Y,0,CRJ ERJ CR7 ER4,948.3482648221757
UA0815,UA,HNL,DEN,,0,752,5408.074590760332
UA0816,UA,HNL,EWR,,0,764,7973.584404508248
UA0819,UA,HNL,IAD,,0,764,7739.828755841846
UA0820,UA,HNL,IAH,,0,764,6272.717366523767
UA0821,UA,HNL,LAX,,0,738 753 777 739,4108.474262411433
UA0822,UA,HNL,LIH,Y,0,AT7,163.09989759612102
UA0825,UA,HNL,OGG,Y,0,AT7,161.91390244284838
UA0826,UA,HNL,ORD,,0,777,6819.448167979313
UA0828,UA,HNL,SFO,,0,764 777 738 753 739,3857.1960937325007
UA0838,UA,IAD,ALB,Y,0,DH4 DH2 CR7 CRJ ERJ,522.7286321956456
UA0841,UA,IAD,ATL,Y,0,CR7 CRJ ERJ E70,859.0311580773126
UA0843,UA,IAD,AUS,,0,319,2083.544804452949
UA0844,UA,IAD,BDL,,0,738 319 320,522.9527475229282
UA0847,UA,IAD,BNA,Y,0,ERJ CRJ,871.0403534980763
UA0849,UA,IAD,BOS,,0,320 752 73G 739 738,663.2230421411614
UA0852,UA,IAD,BUF,Y,0,DH4 ERJ DH2 E70 CRJ CR7 ER4,457.0685041555564
UA0856,UA,IAD,CHS,Y,0,CRJ,711.5183457493314
UA0857,UA,IAD,CLE,,0,DH4,463.16542537991467
UA0858,UA,IAD,CLT,Y,0,CR7 ERJ,517.3710631196469
UA0859,UA,IAD,CMH,Y,0,DH4 ERJ CR7 ER4 E70,481.0058380051139
UA0860,UA,IAD,COS,Y,0,CR7,2349.718219919624
UA0863,UA,IAD,CVG,Y,0,CRJ CR7 ERJ,623.1966593244206
UA0865,UA,IAD,DEN,,0,739 752 319 738 320 753,2331.781558247681
UA0866,UA,IAD,DFW,,0,320 73G 738,1882.477924988515
UA0868,UA,IAD,DTW,Y,0,CRJ CR7 ERJ ER4 E70,616.4022710617372
UA0871,UA,IAD,EWR,Y,0,DH4 DH2 ERJ E70,341.0971399667631
UA0874,UA,IAD,FLL,,0,752,1453.2531247297018
UA0877,UA,IAD,GRR,Y,0,ER4 ERJ CR7,806.3386919669929
UA0879,UA,IAD,GSO,Y,0,CRJ ERJ,384.6401904550825
UA0883,UA,IAD,HNL,,0,764,7739.828755841846
UA0885,UA,IAD,IAH,,0,320 738 763 739 73G,1913.3774123452993
UA0886,UA,IAD,IND,Y,0,CR7 ERJ E70,764.7229276964936
UA0887,UA,IAD,JAX,Y,0,ERJ CR7,1015.9693515666847
UA0888,UA,IAD,JFK,Y,0,CRJ,366.26983043282576
UA0891,UA,IAD,LAS,,0,320 752,3316.325659288181
UA0892,UA,IAD,LAX,,0,753 320 319 752 739 738,3674.030164237816
UA0893,UA,IAD,LGA,Y,0,CRJ ERJ E70 CR7,367.4638584988752
UA0898,UA,IAD,MCI,Y,0,CR7 ERJ,1487.0256611181871
UA0899,UA,IAD,MCO,,0,320 738 739 752,1222.022745501911
UA0903,UA,IAD,MIA,,0,319,1485.8404890868294
UA0904,UA,IAD,MSP,Y,0,CR7,1458.6183917564858
UA0905,UA,IAD,MSY,,0,738 739,1536.5000011422949
UA0908,UA,IAD,OKC,Y,0,E70 ERJ CR7,1823.8491579196532
UA0909,UA,IAD,OMA,Y,0,CR7,1586.384867333597
UA0910,UA,IAD,ORD,,0,319 320 752 753 739 738,945.4046190801434
UA0911,UA,IAD,ORF,Y,0,CRJ ERJ ER4 CR7 DH4,253.0411449034569
UA0912,UA,IAD,PDX,,0,752 739 738 73G,3736.248940726714
UA0914,UA,IAD,PHL,Y,0,ER4,216.41218657824376
UA0915,UA,IAD,PHX,,0,320,3141.0054469978486
UA0916,UA,IAD,PIT,Y,0,E70 ERJ DH4 CR7,293.2490633976273
UA0919,UA,IAD,PVD,Y,0,DH4 CR7 DH2 CRJ,597.1391555305268
UA0920,UA,IAD,PWM,Y,0,CRJ ER4,793.0414549275689
UA0921,UA,IAD,RDU,,0,320 738,360.6066888326657
UA0922,UA,IAD,RIC,Y,0,ERJ CR7,160.48388230539075
UA0924,UA,IAD,ROC,Y,0,DH2 ERJ CRJ,464.52701001275267
UA0925,UA,IAD,SAN,,0,739 738 320 752 319,3618.329816184107
UA0926,UA,IAD,SAT,Y,0,CR7 E70,2189.301210724572
UA0927,UA,IAD,SAV,Y,0,CRJ ERJ CR7,830.1598945931564
UA0929,UA,IAD,SDF,Y,0,ERJ,724.7706517599224
UA0930,UA,IAD,SEA,,0,739 752 320,3701.7280407464023
UA0931,UA,IAD,SFO,,0,752 320 753 738 739 319,3883.361136345021
UA0935,UA,IAD,SMF,,0,320,3785.3008140014463
UA0936,UA,IAD,STL,Y,0,ER4 CR7,1117.6685299889004
UA0939,UA,IAD,SYR,Y,0,CRJ DH4 ERJ ER4 DH2,476.9250144950292
UA0940,UA,IAD,TPA,,0,320 738 739,1306.8672724748553
UA0941,UA,IAD,TUL,Y,0,ERJ CR7,1649.8106268734439
UA0942,UA,IAD,TYS,Y,0,ERJ,674.3913836562272
UA0948,UA,IAH,ABQ,,0,320 738 73G,1195.6727490526955
UA0955,UA,IAH,ATL,Y,0,CRJ ERJ E70,1107.5625525131195
UA0956,UA,IAH,AUS,,0,319 73G 738 739 320,224.51485931247524
UA0958,UA,IAH,BHM,Y,0,CRJ ERJ,903.8843152000214
UA0960,UA,IAH,BNA,Y,0,ERJ,1056.5248532561302
UA0963,UA,IAH,BOS,,0,739 738 320 752 73G 319,2567.336393732915
UA0966,UA,IAH,BWI,,0,73G 739 320 738 319,1985.7894383962312
UA0970,UA,IAH,CHS,Y,0,ERJ,1486.0044862671336
UA0971,UA,IAH,CLE,,0,320 738 73G,1756.1167857890352
UA0973,UA,IAH,CLT,Y,0,ERJ E70,1466.896681986113
UA0975,UA,IAH,CMH,Y,0,ERJ E70,1586.249748307463
UA0976,UA,IAH,COS,Y,0,CRJ CR7 ERJ,1302.1600284190454
UA0981,UA,IAH,CVG,Y,0,ERJ CR7,1402.3183797609183
UA0983,UA,IAH,DAL,Y,0,ERJ,348.6881125287226
UA0984,UA,IAH,DCA,,0,73G 319 738 320,1941.6309443417174
UA0985,UA,IAH,DEN,,0,320 752 788 738 739 753 319,1387.3971547534793
UA0986,UA,IAH,DFW,Y,0,ERJ E70 CRJ CR7,361.62060029034046
UA0988,UA,IAH,DSM,Y,0,ERJ CRJ,1293.1475024988056
UA0989,UA,IAH,DTW,,0,319 320 73G,1730.964569761676
UA0990,UA,IAH,ELP,Y,0,ERJ CRJ,1071.708569841481
UA0991,UA,IAH,EWR,,0,739 73G 738 320 752 319,2250.2572880587095
UA0993,UA,IAH,FLL,,0,739 320 73G 738 752,1551.5348200043024
UA1001,UA,IAH,GRR,Y,0,ERJ CRJ,1678.8988667274652
UA1005,UA,IAH,HNL,,0,764,6272.717366523767
UA1010,UA,IAH,IAD,,0,738 763 739 320 319,1913.3774123452993
UA1012,UA,IAH,IND,,0,319,1359.5228439021582
UA1014,UA,IAH,JAX,Y,0,ERJ,1312.055581866211
UA1015,UA,IAH,LAS,,0,320 739 73G 738 319 752,1962.864140676661
UA1016,UA,IAH,LAX,,0,752 739 738 753 320 319,2215.0734795608714
UA1021,UA,IAH,LGA,,0,320 738 73G 319,2277.1311661572313
UA1030,UA,IAH,MCI,Y,0,ERJ E70 CRJ CR7,1037.616989668317
UA1031,UA,IAH,MCO,,0,739 738 320 73G 753,1372.0003930375315
UA1032,UA,IAH,MEM,Y,0,ERJ ER4 CRJ,754.422393816132
UA1036,UA,IAH,MIA,,0,319 738 73G 320 739,1549.3736377412374
UA1038,UA,IAH,MKE,Y,0,ERJ CRJ,1586.070811643025
UA1042,UA,IAH,MSP,Y,0,ERJ E70 CR7,1666.7004915608698
UA1043,UA,IAH,MSY,,0,320 73G 738 319,488.8924968522243
UA1049,UA,IAH,OKC,,0,319 320 739,637.3975659602737
UA1050,UA,IAH,OMA,Y,0,ERJ E70,1259.5754610339047
UA1051,UA,IAH,ONT,Y,0,CR7,2142.2616955497197
UA1052,UA,IAH,ORD,,0,752 739 73G 319 738 320 753,1490.6518561812281
UA1053,UA,IAH,ORF,Y,0,ERJ,1930.5204357894693
UA1055,UA,IAH,PBI,,0,320,1535.3040167064835
UA1056,UA,IAH,PDX,,0,320 319 739 738,2933.724171683485
UA1058,UA,IAH,PHL,,0,73G 319 739 738 320,2129.4835390978096
UA1059,UA,IAH,PHX,,0,320 738 739 319 73G,1620.4251096276944
UA1060,UA,IAH,PIT,,0,319 320 738 73G,1797.485812599305
UA1061,UA,IAH,PNS,Y,0,ERJ,785.1764265084391
UA1063,UA,IAH,PSP,Y,0,CR7,2039.22117243832
UA1067,UA,IAH,RDU,,0,73G,1675.346434065795
UA1068,UA,IAH,RIC,Y,0,ERJ,1859.963581051579
UA1069,UA,IAH,RSW,,0,738,1384.0314185854036
UA1072,UA,IAH,SAN,,0,320 738 739 319,2093.1494983812845
UA1074,UA,IAH,SAT,,0,738 319 73G 739 320,306.1060853324881
UA1075,UA,IAH,SAV,Y,0,ERJ,1366.908053666082
UA1076,UA,IAH,SDF,Y,0,E70 ERJ CRJ,1267.918959719324
UA1077,UA,IAH,SEA,,0,319 320 739 738,3013.42841427675
UA1078,UA,IAH,SFO,,0,319 739 738 320 788 73G 752,2627.1878002373915
UA1080,UA,IAH,SJC,,0,319 320 739 738,2583.2336195185994
UA1084,UA,IAH,SLC,Y,0,ERJ CR7 E70,1922.5085307434092
UA1087,UA,IAH,SMF,,0,739 320 738,2585.937743930318
UA1088,UA,IAH,SNA,,0,738 320 319 73G,2162.922157748362
UA1089,UA,IAH,STL,Y,0,ER4 ERJ,1075.606771520837
UA1092,UA,IAH,TPA,,0,739 738 320,1265.0251829593406
UA1094,UA,IAH,TUL,Y,0,CRJ ERJ CR7,692.6768478196677
UA1095,UA,IAH,TUS,Y,0,ERJ CR7,1503.1643858452146
UA1097,UA,IAH,TYS,Y,0,ERJ,1240.5232000733558
UA1122,UA,IND,CLE,Y,0,E70 DH3 ERJ,419.9922344719642
UA1123,UA,IND,DEN,Y,0,E70 ERJ,1567.702068460506
UA1124,UA,IND,EWR,Y,0,ERJ E70,1034.4531190952996
UA1125,UA,IND,IAD,Y,0,E70 ERJ CR7,764.7229276964936
UA1126,UA,IND,IAH,,0,319,1359.5228439021582
UA1127,UA,IND,ORD,Y,0,ERJ E70 CR7 CRJ,285.5951889162557
UA1128,UA,IND,SFO,,0,319,3119.9840020812176
UA1135,UA,JAX,EWR,Y,0,ERJ,1320.7278676462458
UA1136,UA,JAX,IAD,Y,0,ERJ CR7 E70,1015.9693515666847
UA1137,UA,JAX,IAH,Y,0,ERJ,1312.055581866211
UA1139,UA,JAX,ORD,,0,73G 320,1392.5946832078994
UA1140,UA,JAX,TPA,Y,0,SF3,291.6442614343352
UA1149,UA,JFK,IAD,Y,0,CRJ,366.26983043282576
UA1152,UA,JFK,LAX,,0,757,3974.1642519132665
UA1158,UA,JFK,SFO,,0,757,4151.713949042157
UA1171,UA,KOA,DEN,,0,752,5351.372787275499
UA1172,UA,KOA,LAX,,0,753,4025.6334578154856
UA1173,UA,KOA,SFO,,0,753 739 738,3808.0559943794638
UA1184,UA,LAS,CLE,,0,739 738,2929.263359397114
UA1185,UA,LAS,DEN,,0,320 752 319 738 739,1009.0505170516835
UA1186,UA,LAS,EWR,,0,738 739 753 752 320,3575.7319285020853
UA1187,UA,LAS,FAT,Y,0,EM2,415.6679162777693
UA1188,UA,LAS,IAD,,0,320 752 739,3316.325659288181
UA1189,UA,LAS,IAH,,0,738 319 739 320 73G,1962.864140676661
UA1190,UA,LAS,LAX,,0,752 738 319 320 739,380.2294289942636
UA1191,UA,LAS,ORD,,0,73G 738 739 320 752 319,2431.5305228126194
UA1192,UA,LAS,PSP,Y,0,EM2,279.36753405100563
UA1194,UA,LAS,SFO,,0,739 738 320 752 319 753,664.8053656560321
UA1195,UA,LAX,ABQ,Y,0,CR7,1087.578466128454
UA1198,UA,LAX,AUS,Y,0,CR7,1994.9693050806532
UA1201,UA,LAX,BOI,Y,0,CR7 CRJ,1086.4389890319922
UA1202,UA,LAX,BOS,,0,752 753 320 739,4192.822347674352
UA1203,UA,LAX,BWI,,0,738 319 320 739,3739.9133237212877
UA1205,UA,LAX,CLE,,0,738 320 319 739,3296.4265676204664
UA1206,UA,LAX,COS,Y,0,CRJ CR7,1339.2200757881894
UA1208,UA,LAX,DEN,,0,752 739 738 320 753 319,1385.0014643872016
UA1209,UA,LAX,DFW,Y,0,CR7,1983.174466158369
UA1211,UA,LAX,EWR,,0,738 319 752 739 320 753,3940.876450441969
UA1212,UA,LAX,FAT,Y,0,EM2 CR7,336.68791518590206
UA1216,UA,LAX,HNL,,0,777 738 753 739,4108.474262411433
UA1217,UA,LAX,IAD,,0,753 320 752 739 738,3674.030164237816
UA1218,UA,LAX,IAH,,0,739 320 738 319 752 753,2215.0734795608714
UA1223,UA,LAX,JFK,,0,757,3974.1642519132665
UA1224,UA,LAX,KOA,,0,753,4025.6334578154856
UA1225,UA,LAX,LAS,,0,739 319 738 320 752,380.2294289942636
UA1227,UA,LAX,LIH,,0,752,4202.930978441876
UA1228,UA,LAX,MCO,,0,739,3562.3146761554085
UA1231,UA,LAX,MSP,Y,0,CR7,2467.2228949739047
UA1232,UA,LAX,MSY,,0,320 319 738,2682.2399462914304
UA1235,UA,LAX,OGG,,0,753 738,3995.708287589561
UA1236,UA,LAX,OKC,Y,0,CR7,1906.4287291050962
UA1237,UA,LAX,ORD,,0,739 738 752 320 319 753,2802.116003121104
UA1238,UA,LAX,PDX,Y,0,CR7 CRJ,1343.0896422516598
UA1240,UA,LAX,PHX,Y,0,CR7 CRJ,594.9080548964293
UA1241,UA,LAX,PIT,,0,319 738,3430.038335973814
UA1242,UA,LAX,PSP,Y,0,EM2 CR7 CRJ,175.92237963427536
UA1246,UA,LAX,RNO,Y,0,CR7,629.6190962181794
UA1248,UA,LAX,SAN,Y,0,EM2 CR7,175.70126368488215
UA1249,UA,LAX,SAT,Y,0,CR7,1944.6452061097891
UA1252,UA,LAX,SEA,,0,319 738 320 752,1536.8180882483425
UA1253,UA,LAX,SFO,,0,739 752 753 319 320 738,543.2449220159237
UA1254,UA,LAX,SJC,Y,0,CR7,495.72859107916463
UA1256,UA,LAX,SLC,Y,0,CR7 CRJ,949.257843665915
UA1257,UA,LAX,SMF,Y,0,CR7 CRJ,600.4217235761602
UA1260,UA,LAX,TUS,Y,0,CRJ CR7,725.2269960619934
UA1277,UA,LGA,CLE,Y,0,ERJ E70,671.9551704600053
UA1278,UA,LGA,DEN,,0,752 320 738,2599.915507747324
UA1279,UA,LGA,IAD,Y,0,CRJ ERJ E70 CR7,367.4638584988752
UA1280,UA,LGA,IAH,,0,738 320 73G 319,2277.1311661572313
UA1281,UA,LGA,ORD,,0,319 320 738 73G 752,1177.0551064872009
UA1291,UA,LIH,DEN,,0,752,5486.580549459003
UA1292,UA,LIH,HNL,Y,0,AT7,163.09989759612102
UA1293,UA,LIH,LAX,,0,752,4202.930978441876
UA1294,UA,LIH,SFO,,0,752,3934.071835854087
UA1325,UA,MCI,CLE,Y,0,ERJ DH4,1113.8541611607252
UA1326,UA,MCI,DEN,,0,DH4 73G 738,855.3802615006564
UA1327,UA,MCI,EWR,Y,0,ERJ E70,1752.7744334039974
UA1328,UA,MCI,IAD,Y,0,ERJ CR7 E70,1487.0256611181871
UA1329,UA,MCI,IAH,Y,0,ERJ CRJ E70,1037.616989668317
UA1330,UA,MCI,ORD,Y,0,ERJ CR7 E70 CRJ,646.7792587822353
UA1331,UA,MCI,SFO,Y,0,CR7,2406.280685543747
UA1332,UA,MCO,CLE,,0,73G 320 738,1444.39900047489
UA1333,UA,MCO,DEN,,0,752 738 739,2486.333949647044
UA1334,UA,MCO,EWR,,0,752 738 739 320,1510.5042674675158
UA1335,UA,MCO,FLL,Y,0,SF3,285.90139605879926
UA1338,UA,MCO,IAD,,0,752 320 738,1222.022745501911
UA1339,UA,MCO,IAH,,0,738 739 320 752,1372.0003930375315
UA1340,UA,MCO,LAX,,0,752,3562.3146761554085
UA1342,UA,MCO,ORD,,0,73G 738 320 752 739,1620.0831318457797
UA1343,UA,MCO,PNS,Y,0,SF3,612.6749234511136
UA1345,UA,MCO,RSW,Y,0,SF3,215.1828658581099
UA1346,UA,MCO,SFO,,0,753 752 738 739,3929.1348725157186
UA1353,UA,MEM,DEN,Y,0,CRJ ERJ,1401.383231639458
UA1354,UA,MEM,EWR,Y,0,ERJ,1519.9107544292335
UA1355,UA,MEM,IAH,Y,0,ERJ ER4 CRJ,754.422393816132
UA1356,UA,MEM,ORD,Y,0,ER4 ERJ CRJ,791.8210200798688
UA1380,UA,MIA,DEN,,0,319,2748.5279015816536
UA1381,UA,MIA,EWR,,0,739 738 320 73G,1749.89490881745
UA1384,UA,MIA,IAD,,0,319,1485.8404890868294
UA1385,UA,MIA,IAH,,0,739 319 738 73G,1549.3736377412374
UA1389,UA,MIA,ORD,Y,0,CR7,1929.7734478931163
UA1395,UA,MKE,CLE,Y,0,CR7 ERJ,526.553847976254
UA1396,UA,MKE,DEN,Y,0,CRJ,1438.0939305330828
UA1397,UA,MKE,EWR,Y,0,ERJ,1163.4182832385661
UA1398,UA,MKE,IAH,Y,0,CRJ ERJ CR7,1586.070811643025
UA1399,UA,MKE,ORD,Y,0,CRJ,107.70561791966217
UA1418,UA,MSP,CLE,Y,0,ERJ,998.836552600132
UA1419,UA,MSP,DEN,,0,320,1092.4219377751367
UA1420,UA,MSP,EWR,Y,0,ERJ E70,1618.6754616631654
UA1421,UA,MSP,IAD,Y,0,CR7 ERJ,1458.6183917564858
UA1422,UA,MSP,IAH,Y,0,CR7 ERJ E70,1666.7004915608698
UA1423,UA,MSP,LAX,Y,0,CR7,2467.2228949739047
UA1424,UA,MSP,ORD,,0,73G 738 319,536.8687518273463
UA1425,UA,MSP,SFO,,0,320 739 319,2551.3068970577797
UA1427,UA,MSY,CLE,Y,0,ERJ,1477.8840162972544
UA1428,UA,MSY,DEN,,0,320 738,1707.5691868523097
UA1429,UA,MSY,EWR,,0,738 320 319,1877.5707728518394
UA1430,UA,MSY,IAD,,0,320 319,1536.5000011422949
UA1431,UA,MSY,IAH,,0,319 738 73G 320,488.8924968522243
UA1432,UA,MSY,LAX,,0,738 739,2682.2399462914304
UA1433,UA,MSY,ORD,,0,320 319,1349.34323281992
UA1434,UA,MSY,SFO,,0,320 319 738,3068.827739064974
UA1448,UA,MYR,EWR,Y,0,DH4,885.7402847819235
UA1449,UA,MYR,ORD,Y,0,E70,1212.2507723627816
UA1475,UA,OGG,DEN,,0,752,5308.514529294367
UA1476,UA,OGG,HNL,Y,0,AT7,161.91390244284838
UA1477,UA,OGG,LAX,,0,753 738,3995.708287589561
UA1478,UA,OGG,ORD,,0,777,6724.576300372519
UA1479,UA,OGG,SFO,,0,753 738,3760.693364246038
UA1480,UA,OKC,DEN,Y,0,DH4 ERJ CRJ,796.38417066531
UA1481,UA,OKC,EWR,Y,0,ERJ,2127.2180769257357
UA1482,UA,OKC,IAD,Y,0,E70 CR7,1823.8491579196532
UA1483,UA,OKC,IAH,,0,738 319 320 739,637.3975659602737
UA1484,UA,OKC,LAX,Y,0,CR7,1906.4287291050962
UA1485,UA,OKC,ORD,Y,0,E70 ERJ ER4 CR7,1114.058496569862
UA1486,UA,OKC,SFO,Y,0,CR7,2221.7506002235145
UA1488,UA,OMA,DEN,,0,738 73G 319,758.2536121621868
UA1489,UA,OMA,EWR,Y,0,ERJ,1819.6574759376886
UA1490,UA,OMA,IAH,Y,0,ERJ,1259.5754610339047
UA1491,UA,OMA,ORD,,0,738 319 73G,667.8847593393192
UA1492,UA,ONT,DEN,Y,0,CRJ,1315.5891042793965
UA1493,UA,ONT,IAH,Y,0,CR7,2142.2616955497197
UA1494,UA,ONT,SFO,Y,0,CRJ,584.8310051625398
UA1496,UA,ORD,ABQ,Y,0,CR7 E70,1795.9233072145933
UA1498,UA,ORD,ALB,,0,319 73G 738 739,1160.512875020777
UA1500,UA,ORD,ANC,,0,738,4568.179156888665
UA1501,UA,ORD,ATL,Y,0,CR7 E70,976.3278291656198
UA1503,UA,ORD,AUS,,0,319 320,1573.8842146593047
UA1506,UA,ORD,BDL,,0,73G 738 319,1256.5899052413283
UA1507,UA,ORD,BHM,Y,0,CRJ ERJ,941.240076242445
UA1508,UA,ORD,BNA,Y,0,ERJ CRJ,659.4850977173753
UA1509,UA,ORD,BOI,Y,0,CR7,2306.969040121241
UA1510,UA,ORD,BOS,,0,320 752 739 738 73G 319,1390.8751257562583
UA1513,UA,ORD,BUF,,0,738 739 320,759.6396279814746
UA1514,UA,ORD,BWI,,0,319 320 739 738,997.9705182564419
UA1519,UA,ORD,CHS,Y,0,CRJ ERJ CR7,1224.4482039025177
UA1521,UA,ORD,CLE,,0,73G 738,506.56528238532997
UA1522,UA,ORD,CLT,,0,320 319,964.5786715815266
UA1523,UA,ORD,CMH,,0,738 319 739,474.79723356471544
UA1525,UA,ORD,COS,Y,0,CRJ ERJ CR7,1462.9053166457056
UA1528,UA,ORD,CVG,Y,0,CR7 ERJ ER4 CRJ,425.3843373990957
UA1531,UA,ORD,DCA,,0,320 319 738 73G 752,982.6189947681237
UA1532,UA,ORD,DEN,,0,752 738 320 739 73G 753 319,1426.135514067899
UA1533,UA,ORD,DFW,,0,73G 738 320,1290.6453049606575
UA1535,UA,ORD,DSM,,0,319 73G,479.58121907027686
UA1536,UA,ORD,DTW,,0,320,376.3634716926054
UA1541,UA,ORD,EWR,,0,319 320 73G 763 752 739 738,1154.3708882830472
UA1543,UA,ORD,FLL,,0,738 752 320 739,1905.3933635953615
UA1549,UA,ORD,GRR,,0,319 320,219.72456453214505
UA1551,UA,ORD,GSO,Y,0,ERJ CR7 CRJ ER4,948.3482648221757
UA1554,UA,ORD,HNL,,0,777,6819.448167979313
UA1557,UA,ORD,IAD,,0,777 320 752 739 73G 753 319,945.4046190801434
UA1558,UA,ORD,IAH,,0,739 738 752 320 73G 319,1490.6518561812281
UA1560,UA,ORD,IND,Y,0,ERJ CRJ CR7 E70,285.5951889162557
UA1562,UA,ORD,JAX,,0,73G 320,1392.5946832078994
UA1564,UA,ORD,LAS,,0,738 752 320 319 73G 739 753,2431.5305228126194
UA1565,UA,ORD,LAX,,0,738 753 320 739 752 319,2802.116003121104
UA1567,UA,ORD,LGA,,0,738 320 319 752 73G,1177.0551064872009
UA1572,UA,ORD,MCI,,0,73G 738,646.7792587822353
UA1573,UA,ORD,MCO,,0,739 752 73G 320 738,1620.0831318457797
UA1575,UA,ORD,MEM,Y,0,ER4 CRJ ERJ,791.8210200798688
UA1578,UA,ORD,MIA,Y,0,CR7,1929.7734478931163
UA1579,UA,ORD,MKE,Y,0,CRJ,107.70561791966217
UA1584,UA,ORD,MSP,,0,73G 738 319 320,536.8687518273463
UA1585,UA,ORD,MSY,,0,320 319,1349.34323281992
UA1588,UA,ORD,MYR,Y,0,E70,1212.2507723627816
UA1591,UA,ORD,OGG,,0,777,6724.576300372519
UA1592,UA,ORD,OKC,Y,0,E70 ER4 ERJ CR7,1114.058496569862
UA1593,UA,ORD,OMA,,0,319 73G 738,667.8847593393192
UA1594,UA,ORD,ORF,Y,0,CRJ ER4 ERJ CR7,1151.6486133791325
UA1596,UA,ORD,PDX,,0,739 738 320 752 319,2791.655665219961
UA1598,UA,ORD,PHL,,0,320 738 739 752 73G,1088.3236994509068
UA1599,UA,ORD,PHX,,0,752 320 739 738,2312.8844820464874
UA1601,UA,ORD,PIT,,0,738 319 320 739,662.2322758634543
UA1602,UA,ORD,PNS,Y,0,ERJ,1281.002234018695
UA1605,UA,ORD,PVD,,0,320,1363.0868652253205
UA1608,UA,ORD,PWM,Y,0,CR7 ERJ,1444.4302957602547
UA1610,UA,ORD,RDU,,0,73G 738,1039.1466109920589
UA1611,UA,ORD,RIC,,0,319,1031.6446922793955
UA1613,UA,ORD,ROC,,0,738 320 319,847.1962649642244
UA1614,UA,ORD,RSW,,0,738 320,1806.6542403758942
UA1615,UA,ORD,SAN,,0,73G 320 738 739 319,2768.0677561106972
UA1616,UA,ORD,SAT,Y,0,CR7 E70,1677.4242851978365
UA1617,UA,ORD,SAV,Y,0,CR7 ERJ CRJ,1245.6406795255825
UA1620,UA,ORD,SDF,Y,0,ERJ CRJ E70,461.88226406767916
UA1621,UA,ORD,SEA,,0,320 752 738 739,2761.847858516748
UA1622,UA,ORD,SFO,,0,752 739 320 738 753 319 777,2963.9172816952487
UA1627,UA,ORD,SLC,Y,0,CR7 E70,2006.2984626718442
UA1628,UA,ORD,SMF,,0,319 739 320,2859.794252875391
UA1629,UA,ORD,SNA,,0,73G 752 319,2772.0631444276883
UA1631,UA,ORD,SRQ,,0,738 319 320,1692.89650236951
UA1633,UA,ORD,STL,Y,0,CR7 ERJ ER4,415.4186613857083
UA1636,UA,ORD,SYR,Y,0,ER4 ERJ CR7 CRJ,973.9030574029567
UA1637,UA,ORD,TPA,,0,739 73G 320 738,1631.254661232574
UA1638,UA,ORD,TUL,Y,0,ERJ CRJ CR7,941.4373544799603
UA1640,UA,ORD,TYS,Y,0,ERJ,764.5489012290797
UA1656,UA,ORF,EWR,Y,0,DH3 DH4 DH2,457.07270276662365
UA1657,UA,ORF,IAD,Y,0,ER4 CRJ ERJ DH4 CR7,253.0411449034569
UA1658,UA,ORF,IAH,Y,0,ERJ,1930.5204357894693
UA1659,UA,ORF,ORD,Y,0,CR7 ERJ CRJ ER4,1151.6486133791325
UA1666,UA,PBI,CLE,Y,0,ERJ,1645.5858047957179
UA1668,UA,PBI,EWR,,0,73G 739 738 319 320 752,1649.9994647123565
UA1669,UA,PBI,IAH,,0,320,1535.3040167064835
UA1671,UA,PBI,TPA,Y,0,SF3,280.4016576212992
UA1672,UA,PDX,DEN,,0,739 738 752 320 73G,1592.207236455372
UA1674,UA,PDX,EWR,,0,739 319 738,3906.5348770874343
UA1675,UA,PDX,IAD,,0,752 320,3736.248940726714
UA1676,UA,PDX,IAH,,0,319 739 320 738,2933.724171683485
UA1677,UA,PDX,LAX,Y,0,CR7 CRJ,1343.0896422516598
UA1679,UA,PDX,ORD,,0,320 319 752 738 739,2791.655665219961
UA1681,UA,PDX,SEA,Y,0,EM2,207.90695279699517
UA1682,UA,PDX,SFO,,0,319 739 320,886.2936969999109
UA1695,UA,PHL,DEN,,0,738 319 739 752 320,2500.4885216606663
UA1696,UA,PHL,IAD,Y,0,ER4,216.41218657824376
UA1697,UA,PHL,IAH,,0,320 73G 738 739 319,2129.4835390978096
UA1698,UA,PHL,ORD,,0,320 738 739 752 73G 319,1088.3236994509068
UA1699,UA,PHL,SFO,,0,739 738 319 752,4047.7050628259917
UA1701,UA,PHX,CLE,,0,320 738 319,2790.2058090224846
UA1702,UA,PHX,DEN,,0,738 752 739 320,967.9067904649789
UA1703,UA,PHX,EWR,,0,319 739 320 738,3424.6430120670902
UA1704,UA,PHX,IAD,,0,320 738,3141.0054469978486
UA1705,UA,PHX,IAH,,0,738 320 739 319 73G,1620.4251096276944
UA1706,UA,PHX,LAX,Y,0,CR7 CRJ,594.9080548964293
UA1707,UA,PHX,ORD,,0,319 739 738 320 752,2312.8844820464874
UA1708,UA,PHX,SFO,,0,320,1046.4982592871797
UA1714,UA,PIT,DEN,,0,738 320 739,2071.053626874784
UA1715,UA,PIT,EWR,,0,DH4,512.271410554964
UA1716,UA,PIT,IAD,Y,0,DH4 ERJ CR7,293.2490633976273
UA1717,UA,PIT,IAH,,0,319 320 738 73G,1797.485812599305
UA1718,UA,PIT,LAX,,0,319 738 320,3430.038335973814
UA1719,UA,PIT,ORD,,0,738 320 319 73G,662.2322758634543
UA1720,UA,PIT,SFO,,0,320 319 738,3618.2292812304045
UA1727,UA,PNS,IAH,Y,0,ERJ,785.1764265084391
UA1728,UA,PNS,MCO,Y,0,SF3,612.6749234511136
UA1729,UA,PNS,ORD,Y,0,ERJ,1281.002234018695
UA1730,UA,PNS,TPA,Y,0,SF3,530.0355608958799
UA1737,UA,PSP,DEN,,0,319,1246.684115633724
UA1738,UA,PSP,IAH,Y,0,CR7,2039.22117243832
UA1739,UA,PSP,LAS,Y,0,EM2,279.36753405100563
UA1740,UA,PSP,LAX,Y,0,EM2 CR7,175.92237963427536
UA1741,UA,PSP,SFO,Y,0,CRJ CR7,676.6431935456587
UA1756,UA,PVD,EWR,Y,0,DH3 DH2 ERJ,256.86450973222713
UA1757,UA,PVD,IAD,Y,0,DH4 CR7 DH2 CRJ,597.1391555305268
UA1758,UA,PVD,ORD,,0,320,1363.0868652253205
UA1776,UA,RDU,EWR,,0,DH4,669.492589691402
UA1777,UA,RDU,IAD,,0,320 73G 738,360.6066888326657
UA1778,UA,RDU,IAH,,0,73G,1675.346434065795
UA1779,UA,RDU,ORD,,0,738,1039.1466109920589
UA1780,UA,RDU,SFO,,0,738 739,3853.2345780174546
UA1782,UA,RIC,CLE,Y,0,ERJ ER4,582.8691115385222
UA1783,UA,RIC,EWR,Y,0,ERJ,446.2647341379818
UA1784,UA,RIC,IAD,Y,0,ERJ ER4 CR7,160.48388230539075
UA1785,UA,RIC,IAH,Y,0,ERJ,1859.963581051579
UA1786,UA,RIC,ORD,,0,319,1031.6446922793955
UA1788,UA,RNO,DEN,,0,320,1290.8307828007198
UA1789,UA,RNO,LAX,Y,0,CR7,629.6190962181794
UA1790,UA,RNO,SFO,Y,0,CR7 CRJ,308.2648639119232
UA1794,UA,ROC,CLE,Y,0,DH2 DH3,392.6162353068946
UA1795,UA,ROC,EWR,Y,0,DH2 ERJ DH3,396.12343780376983
UA1796,UA,ROC,IAD,Y,0,ER4 DH2 CR7 CRJ,464.52701001275267
UA1797,UA,ROC,ORD,,0,320 738 319,847.1962649642244
UA1803,UA,RSW,CLE,,0,319 738 320,1654.2725553451667
UA1804,UA,RSW,DEN,,0,738,2584.28769767054
UA1805,UA,RSW,EWR,,0,320 738 739,1721.685299391834
UA1807,UA,RSW,IAH,,0,738,1384.0314185854036
UA1808,UA,RSW,MCO,Y,0,SF3,215.1828658581099
UA1809,UA,RSW,ORD,,0,320,1806.6542403758942
UA1819,UA,SAN,DEN,,0,738 320 739 752,1371.1696120302634
UA1820,UA,SAN,EWR,,0,738 739,3894.9075240947336
UA1821,UA,SAN,IAD,,0,739 752 320 738,3618.329816184107
UA1822,UA,SAN,IAH,,0,320 73G 738 739,2093.1494983812845
UA1823,UA,SAN,LAX,Y,0,CR7 EM2,175.70126368488215
UA1824,UA,SAN,ORD,,0,739 320 738,2768.0677561106972
UA1825,UA,SAN,SFO,,0,739 738 320 319,718.9432809490115
UA1829,UA,SAT,DEN,,0,738 73G,1279.8074294675482
UA1830,UA,SAT,EWR,,0,319 739 73G,2522.136466716259
UA1831,UA,SAT,IAD,Y,0,E70 CR7,2189.301210724572
UA1832,UA,SAT,IAH,,0,319 739 738 73G 320,306.1060853324881
UA1833,UA,SAT,LAX,Y,0,CR7,1944.6452061097891
UA1834,UA,SAT,ORD,Y,0,CR7,1677.4242851978365
UA1835,UA,SAT,SFO,Y,0,CR7,2381.5833610905834
UA1836,UA,SAV,EWR,Y,0,ERJ,1140.2569311543255
UA1837,UA,SAV,IAD,Y,0,CRJ ERJ CR7,830.1598945931564
UA1838,UA,SAV,IAH,Y,0,ERJ,1366.908053666082
UA1839,UA,SAV,ORD,Y,0,ERJ CR7 CRJ,1245.6406795255825
UA1848,UA,SDF,CLE,Y,0,ERJ CRJ,489.8700262359588
UA1849,UA,SDF,DEN,Y,0,ERJ,1643.8517303849333
UA1850,UA,SDF,EWR,Y,0,ERJ E70,1031.0878089678497
UA1851,UA,SDF,IAD,Y,0,ERJ,724.7706517599224
UA1852,UA,SDF,IAH,Y,0,ERJ E70 CRJ,1267.918959719324
UA1853,UA,SDF,ORD,Y,0,ERJ,461.88226406767916
UA1856,UA,SEA,ANC,,0,739 738,2325.752433399854
UA1857,UA,SEA,DEN,,0,738 320 739 752 753 319,1645.161198559227
UA1858,UA,SEA,EWR,,0,739 319 738 320,3854.9462849430706
UA1860,UA,SEA,IAD,,0,752 320 739 738,3701.7280407464023
UA1861,UA,SEA,IAH,,0,739 320 738 319 752,3013.42841427675
UA1863,UA,SEA,LAX,,0,739 320,1536.8180882483425
UA1865,UA,SEA,ORD,,0,738 320 739 752 319,2761.847858516748
UA1866,UA,SEA,PDX,Y,0,EM2,207.90695279699517
UA1867,UA,SEA,SFO,,0,319 739 320 738 752,1092.8516586356209
UA1869,UA,SFO,ABQ,Y,0,CRJ,1439.3133270396975
UA1872,UA,SFO,ATL,,0,738,3434.6956769682733
UA1873,UA,SFO,AUS,,0,738 320 319,2416.5450836253376
UA1875,UA,SFO,BOI,Y,0,CRJ CR7,840.158818309456
UA1876,UA,SFO,BOS,,0,752 753 738 739 319 320,4341.022084519025
UA1877,UA,SFO,BUR,Y,0,CR7 CRJ,524.505466011444
UA1878,UA,SFO,BWI,,0,739 320 738,3944.311114550975
UA1882,UA,SFO,CLE,,0,739 738 320,3469.901361925572
UA1883,UA,SFO,COS,Y,0,CRJ CR7,1547.3213659410742
UA1885,UA,SFO,DCA,,0,738 73G,3920.908487611164
UA1886,UA,SFO,DEN,,0,752 739 738 320 319,1552.657429574184
UA1887,UA,SFO,DFW,,0,319 738 739,2351.9335423603
UA1889,UA,SFO,EWR,,0,320 739 752 319 738 73G,4118.2703404172735
UA1890,UA,SFO,FAT,Y,0,EM2,253.3329460096487
UA1891,UA,SFO,FLL,,0,738 319 739,4150.818063175899
UA1895,UA,SFO,HNL,,0,777 764 738 753 739,3857.1960937325007
UA1896,UA,SFO,IAD,,0,753 752 738 739 320 319,3883.361136345021
UA1897,UA,SFO,IAH,,0,319 739 753 738 320 752 788 73G,2627.1878002373915
UA1899,UA,SFO,IND,,0,319,3119.9840020812176
UA1900,UA,SFO,JFK,,0,757,4151.713949042157
UA1902,UA,SFO,KOA,,0,753 739 738,3808.0559943794638
UA1903,UA,SFO,LAS,,0,752 738 739 320 319,664.8053656560321
UA1904,UA,SFO,LAX,,0,319 320 752 738 753 739,543.2449220159237
UA1906,UA,SFO,LIH,,0,752,3934.071835854087
UA1908,UA,SFO,MCI,Y,0,CR7,2406.280685543747
UA1909,UA,SFO,MCO,,0,752 738 739 753,3929.1348725157186
UA1914,UA,SFO,MSP,,0,320 739 319,2551.3068970577797
UA1915,UA,SFO,MSY,,0,320 738,3068.827739064974
UA1918,UA,SFO,OGG,,0,753 738,3760.693364246038
UA1919,UA,SFO,OKC,Y,0,CR7,2221.7506002235145
UA1920,UA,SFO,ONT,Y,0,CRJ,584.8310051625398
UA1921,UA,SFO,ORD,,0,738 739 752 320 753 319 777 73G,2963.9172816952487
UA1923,UA,SFO,PDX,,0,319 739 320 752 738,886.2936969999109
UA1925,UA,SFO,PHL,,0,319 738 739 752,4047.7050628259917
UA1926,UA,SFO,PHX,,0,319 738 320,1046.4982592871797
UA1927,UA,SFO,PIT,,0,319 738,3618.2292812304045
UA1929,UA,SFO,PSP,Y,0,CRJ CR7,676.6431935456587
UA1934,UA,SFO,RDU,,0,738 739,3853.2345780174546
UA1935,UA,SFO,RNO,Y,0,CRJ CR7,308.2648639119232
UA1937,UA,SFO,SAN,,0,738 320 319 739 73G,718.9432809490115
UA1938,UA,SFO,SAT,Y,0,CR7,2381.5833610905834
UA1941,UA,SFO,SEA,,0,319 738 739 320 752 753,1092.8516586356209
UA1943,UA,SFO,SLC,,0,738 320 319,961.7261991342365
UA1944,UA,SFO,SMF,Y,0,EM2,137.84259237070387
UA1945,UA,SFO,SNA,,0,320 319 738 73G,598.2885440053797
UA1946,UA,SFO,STL,,0,320 319,2785.842243695913
UA1949,UA,SFO,TUS,Y,0,CRJ CR7,1208.3601271816601
UA1966,UA,SJC,DEN,,0,752 319 738 73G,1522.261421478582
UA1967,UA,SJC,IAH,,0,320 319 739 738,2583.2336195185994
UA1968,UA,SJC,LAX,Y,0,CR7,495.72859107916463
UA1985,UA,SLC,DEN,Y,0,CR7 CRJ ERJ DH4 E70,627.723881158865
UA1986,UA,SLC,IAH,Y,0,ERJ CR7 E70,1922.5085307434092
UA1987,UA,SLC,LAX,Y,0,CR7 CRJ,949.257843665915
UA1988,UA,SLC,ORD,Y,0,E70 CR7,2006.2984626718442
UA1989,UA,SLC,SFO,,0,738 320 319,961.7261991342365
UA1993,UA,SMF,DEN,,0,320 739,1459.6906139988178
UA1994,UA,SMF,IAD,,0,320,3785.3008140014463
UA1995,UA,SMF,IAH,,0,320 739 738,2585.937743930318
UA1996,UA,SMF,LAX,Y,0,CR7 CRJ,600.4217235761602
UA1997,UA,SMF,ORD,,0,739 319 320,2859.794252875391
UA1998,UA,SMF,SFO,Y,0,EM2,137.84259237070387
UA2000,UA,SNA,DEN,,0,320 738 73G,1359.680859239526
UA2001,UA,SNA,EWR,,0,73G,3907.7784203223723
UA2002,UA,SNA,IAH,,0,320 738 73G 752,2162.922157748362
UA2003,UA,SNA,ORD,,0,73G,2772.0631444276883
UA2004,UA,SNA,SFO,,0,738 319 320,598.2885440053797
UA2010,UA,SRQ,ORD,,0,738 319 320,1692.89650236951
UA2012,UA,STL,CLE,Y,0,ER4 ERJ,782.6015220862645
UA2013,UA,STL,DEN,Y,0,CR7 ERJ CRJ,1235.5731046321494
UA2014,UA,STL,EWR,Y,0,ERJ E70,1400.167931633924
UA2015,UA,STL,IAD,Y,0,ER4 ERJ CR7 E70,1117.6685299889004
UA2016,UA,STL,IAH,Y,0,ER4 ERJ,1075.606771520837
UA2017,UA,STL,ORD,Y,0,ER4 CR7,415.4186613857083
UA2018,UA,STL,SFO,,0,320 319,2785.842243695913
UA2031,UA,SYR,CLE,,0,DH3,508.89195074349055
UA2032,UA,SYR,EWR,Y,0,DH2 DH3 ERJ,313.32243638523715
UA2033,UA,SYR,IAD,Y,0,ERJ CRJ DH4 ER4 CR7 DH2,476.9250144950292
UA2034,UA,SYR,ORD,Y,0,ER4 CRJ ERJ CR7,973.9030574029567
UA2043,UA,TPA,CLE,,0,73G,1495.3286387962467
UA2044,UA,TPA,DEN,,0,739 738 320,2422.4949305527393
UA2045,UA,TPA,EWR,,0,738 739 73G 752 320,1606.8885299994913
UA2047,UA,TPA,FLL,Y,0,SF3,316.7993331534323
UA2049,UA,TPA,IAD,,0,738 320,1306.8672724748553
UA2050,UA,TPA,IAH,,0,73G 320 739 738,1265.0251829593406
UA2051,UA,TPA,JAX,Y,0,SF3,291.6442614343352
UA2052,UA,TPA,ORD,,0,739 320 73G,1631.254661232574
UA2053,UA,TPA,PBI,Y,0,SF3,280.4016576212992
UA2054,UA,TPA,PNS,Y,0,SF3,530.0355608958799
UA2061,UA,TUL,DEN,Y,0,CRJ ERJ CR7,870.2327456293121
UA2062,UA,TUL,EWR,Y,0,ERJ,1950.4641338782073
UA2063,UA,TUL,IAD,Y,0,CR7 ERJ,1649.8106268734439
UA2064,UA,TUL,IAH,Y,0,ERJ CRJ CR7,692.6768478196677
UA2065,UA,TUL,ORD,Y,0,ERJ CRJ CR7,941.4373544799603
UA2066,UA,TUS,DEN,Y,0,ERJ CRJ CR7,1028.5806160065322
UA2067,UA,TUS,IAH,Y,0,CR7 ERJ,1503.1643858452146
UA2068,UA,TUS,LAX,Y,0,CR7 CRJ,725.2269960619934
UA2069,UA,TUS,SFO,Y,0,CRJ,1208.3601271816601
UA2073,UA,TYS,DEN,Y,0,ERJ,1866.3940159166789
UA2074,UA,TYS,EWR,Y,0,ERJ,1013.9696016444382
UA2075,UA,TYS,IAD,Y,0,ERJ,674.3913836562272
UA2076,UA,TYS,IAH,Y,0,ERJ,1240.5232000733558
UA2077,UA,TYS,ORD,Y,0,ERJ,764.5489012290797
